year_month,forecast
2024-01,7.705298776607872
2024-02,7.88878996614878
2024-03,9.47898572596514
2024-04,7.2733215984921
2024-05,5.449803470751343
2024-06,7.810554186751274
2024-07,6.847634647345469
2024-08,7.776557919314895
2024-09,7.3259690240512505
2024-10,7.398761608506161
2024-11,8.31876857651131
2024-12,5.997576617049083
