year_month,forecast
2024-01,5.8090526523149535
2024-02,5.603627021684112
2024-03,5.4259897983563405
2024-04,5.257678555158485
2024-05,5.092497174871987
2024-06,4.92836619805059
2024-07,4.764587743838241
2024-08,4.600927598631934
2024-09,4.437307158739699
2024-10,4.273700044223254
2024-11,4.110097401794349
2024-12,3.946496260228699
