year_month,forecast
2024-01,17.51852271129788
2024-02,17.40807257230301
2024-03,16.867863732141785
2024-04,17.829424661976795
2024-05,16.601042465342605
2024-06,13.638810149092132
2024-07,12.013612857277037
2024-08,9.844054753154055
2024-09,8.413975290983323
2024-10,7.02750086573885
2024-11,6.36125019687403
2024-12,7.13524051860427
