year_month,forecast
2024-01,9.27360725402832
2024-02,8.557380676269531
2024-03,8.182405471801758
2024-04,8.104862213134766
2024-05,8.176676750183105
2024-06,8.35130500793457
2024-07,8.490065574645996
2024-08,8.611246109008789
2024-09,8.712672233581543
2024-10,8.757370948791504
2024-11,8.76432991027832
2024-12,8.772724151611328
